STT,Website,Traffic,Minh Họa ,Link Tham Khảo ,,,,,,,,,,,,,,
1,Coingecko News,,,https://www.coingecko.com/en/news,,,,,,,,,,,,,,
2,Crypto Panic,,,https://cryptopanic.com/,,,,,,,,,,,,,,
3,"
Tree News",,,https://news.treeofalpha.com/,,,,,,,,,,,,,,
4,PhoenixNews,,,https://phoenixnews.io/,Có Filter,,,,,,,,,,,,,
5,Kucoin News,,,https://www.kucoin.com/news/flash/bitcoin-drops-7-as-asian-markets-open-amid-trump-s-fed-pick-signal,,,,,,,,,,,,,,
6,Yahoo Finance,,,https://finance.yahoo.com/news/,,,,,,,,,,,,,,
7,Messari,,,https://messari.io/news/all,,,,,,,,,,,,,,
8,Cryptonews,,,https://cryptonews.net/,,,,,,,,,,,,,,
9,Coinspectator,,,https://coinspectator.com/,,,,,,,,,,,,,,
10,CoinStats,,,https://coinstats.app/news/,,,,,,,,,,,,,,
11,Coincarp,,,https://www.coincarp.com/news/,,,,,,,,,,,,,,
12,Crypto compare,,,https://www.cryptocompare.com/news/list/latest/,,,,,,,,,,,,,,
13,Coinlore,,,https://www.coinlore.com/crypto-news/,,,,,,,,,,,,,,
14,Drops Tab,,,https://dropstab.com/news,,,,,,,,,,,,,,
15,Block Chair,,,https://blockchair.com/news,,,,,,,,,,,,,,
16,Phemex,,,https://phemex.com/news,,,,,,,,,,,,,,
17,Crypto Reach ,,,https://cryptoreach.io/,,,,,,,,,,,,,,
18,CoinFi,,,https://www.coinfi.com/news,,,,,,,,,,,,,,
19,Finsuba,,,https://www.finsuba.com/us-crypto/news/,,,,,,,,,,,,,,
20,Poloniex,,,https://www.poloniex.com/feed/news/2,,,,,,,,,,,,,,