STT,Website,Traffic,Minh Họa,Link Tham Khảo
1,Coingecko News,,,https://www.coingecko.com/en/news
2,Crypto Panic,,,https://cryptopanic.com/
3,Tree News,,,https://news.treeofalpha.com/
4,PhoenixNews,,Co Filter,https://phoenixnews.io/
5,Kucoin News,,,https://www.kucoin.com/news/flash/bitcoin-drops-7-as-asian-markets-open-amid-trump-s-fed-pick-signal
6,Yahoo Finance,,,https://finance.yahoo.com/news/
7,Messari,,,https://messari.io/news/all
8,Cryptonews,,,https://cryptonews.net/
9,Coinspectator,,,https://coinspectator.com/
10,CoinStats,,,https://coinstats.app/news/
11,Coincarp,,,https://www.coincarp.com/news/
12,Crypto Compare,,,https://www.cryptocompare.com/news/list/latest/
13,Coinlore,,,https://www.coinlore.com/crypto-news/
14,Drops Tab,,,https://dropstab.com/news
15,Block Chair,,,https://blockchair.com/news
16,Phemex,,,https://phemex.com/news
17,Crypto Reach,,,https://cryptoreach.io/
18,CoinFi,,,https://www.coinfi.com/news
19,Finsuba,,,https://www.finsuba.com/us-crypto/news/
20,Poloniex,,,https://www.poloniex.com/feed/news/2
21,CoinMarketCap Top Stories,,,https://coinmarketcap.com/top-stories/
22,Investing.com Crypto News,,,https://www.investing.com/news/cryptocurrency-news
23,TradingView Crypto News,,,https://www.tradingview.com/news/crypto/all/
24,NewsNow Crypto,,,https://www.newsnow.co.uk/h/Business%2B%26%2BFinance/Cryptocurrencies
25,OKX Feed,,,https://www.okx.com/en-us/feed
26,Binance Square,,,https://www.binance.com/en/square
27,Bitget News,,,https://www.bitget.com/news
28,Gate News,,,https://www.gate.com/news
29,MEXC News,,,https://www.mexc.com/news
30,FXStreet Cryptocurrencies,,,https://www.fxstreet.com/cryptocurrencies/
31,CryptoEye Aggregated News,,,https://cryptoeye.org/crypto-aggregated-news
32,Sharpe AI News Aggregator,,,https://sharpe.ai/news-aggregator
33,Pineify Crypto News,,,https://pineify.app/crypto-news
34,BlockThriver All News,,,https://blockthriver.com/all-news/
35,CoinPerps News Aggregator,,,https://www.coinperps.com/news-aggregator
36,Crypto Feed,,,https://crypto-feed.com/search
37,CryptoRival News,,,https://cryptorival.com/news/
38,Coinlib News,,,https://coinlib.io/news/Crypto
39,CoinGlass News,,,https://www.coinglass.com/news
40,MarketScreener Cryptocurrencies News,,,https://www.marketscreener.com/news/cryptocurrencies/
41,Decrypt,,,https://decrypt.co/news
42,BeInCrypto,,,https://beincrypto.com/type/news/
43,Crypto Briefing,,,https://cryptobriefing.com/news/
44,CryptoSlate News,,,https://cryptoslate.com/news/
45,Blockworks News Archive,,,https://blockworks.com/news/archive
46,TokenInsight News,,,https://tokeninsight.com/en/news
47,Coinness,,,https://coinness.com/news/
48,Bitcoin.com News,,,https://news.bitcoin.com/
49,Cointelegraph Cryptocurrencies,,,https://cointelegraph.com/tags/cryptocurrencies
50,NewsBTC,,,https://www.newsbtc.com/news/
51,CoinSpeaker News,,,https://www.coinspeaker.com/news/
52,CoinEdition News,,,https://coinedition.com/news/
53,The Daily Hodl,,,https://dailyhodl.com/
54,CoinCodex Coin News Feeds,,,https://coincodex.com/crypto/bitcoin/news/
55,CoinCheckup News,,,https://coincheckup.com/news
56,DL News,,,https://www.dlnews.com/
57,AMBCrypto,,,https://eng.ambcrypto.com/
58,Protos,,,https://protos.com/
59,The Defiant DeFi Daily,,,https://thedefiant.io/newsletter/defi-daily/
60,CryptoPotato Crypto News,,,https://cryptopotato.com/crypto-news/
